config,0,1,2
223,0.282366568738743,0.23423612003914693,0.18633486939365262
248,0.1974335182771183,0.11288935665050763,0.11123615119080305
337,0.15266870321502213,0.26755832052029177,0.2789531608319673
1126,0.1879710482092764,0.12581421105834803,0.08345596333593126
1483,0.5106281415048151,0.3394963582187903,0.06750990533863616
2227,0.3641045852513954,0.19221583484154728,0.10662283472127304
4608,0.24645539264014282,0.1291743248645856,0.09484088486215092
5683,0.33109377593949435,0.2211952177554745,0.12324694572278169
5797,0.4438441435870498,0.2222316263097902,0.1427572736934233
8678,0.4096559857667384,0.11345723831350127,0.026753514713816137
16076,0.4380933530900295,0.3064555446480893,0.2795047986547742
16346,0.3559309998676508,0.21002737545910227,0.17380863529498544
17836,0.4138988626874652,0.2253883239237305,0.1020827315002833
17989,0.17104320590908806,0.11456520046033362,0.10716342350598546
18622,0.4925965422825256,0.27263575118943906,0.18945598407249523
20430,0.2290613051095495,0.10938876987994237,0.04885334328243545
20449,0.2859657180277161,0.31704328025151357,0.35271148700194843
21273,0.32142985572599214,0.2061611275472958,0.12019135308424841
21921,0.2379063511138746,0.2234013565943353,0.12284516045895787
23300,0.36586996044271747,0.17016263679476112,0.03441080631183916
23364,0.26767679718755955,0.19058900120331315,0.12956825249090848
25308,0.45082877738859367,0.2345236399517144,0.12597957612485883
26897,0.5833890800872213,0.13930726257146497,0.10986211284077943
30593,0.050464533481129656,0.058859000230481066,0.09089250526074714
31117,0.3227590527867538,0.1401897442334671,0.06183728257555558
33834,0.14544439741270987,0.1722062133747656,0.09641340746958862
35518,0.24549593240303097,0.18596962860742028,0.1734166918692986
38231,0.2919384223660546,0.22883778616981362,0.17787066202909654
39974,0.3115422951882102,0.24504284540340276,0.1779543385797101
41275,0.286844664288275,0.19665640069079215,0.15069077928916463
41400,0.2560649382012392,0.20257075467188823,0.1339733329440247
41464,0.4604700268423127,0.24210038266067285,0.06384574501700889
44465,0.3946682692806066,0.21087751407171876,0.06519041322634081
45571,0.2819595396076018,0.1946370983801805,0.16203598521382262
47803,0.24075494317305732,0.20206247347164777,0.1990396594620659
49555,0.2506118181067689,0.13396960050546253,0.10618902578598932
49864,0.28296517255364656,0.2611046543247237,0.09451646478095077
50094,0.2157180489572693,0.16371646294984257,0.11130555903160301
54174,0.38328393267006233,0.10822089635489338,0.036584654216548565
55496,0.23149494487474925,0.1424393272724058,0.09318961050356406
56475,0.30198482289373,0.10095234330320806,0.06259595346295688
60081,0.35725241213025266,0.1598606930591809,0.16121605941075692
60919,0.28757106031502955,0.2046964118246719,0.06722388174040095
61089,0.6929498327578272,0.3498065694366581,0.016161603063903192
61596,0.12987903432976602,0.15133302477368013,0.10631956801437113
64312,0.3881752870080842,0.17883582527883427,0.0801824871454001
65996,0.25311483976688204,0.15212056272215968,0.09875773943558366
66688,0.40491269555434595,0.07450301549902731,0.05453589308753868
68517,0.3838651751131317,0.24298805380174598,0.06246790567941268
70750,0.24865429633531538,0.08815394668497295,0.0636092478071999
72871,0.2712786576596182,0.19985087470628385,0.1308004053140288
78379,0.2608390050449114,0.15472957390892594,0.09359412821530348
79256,0.2867878962760133,0.15282215178186342,0.07534334250936363
89278,0.35105732795402267,0.2925937475673627,0.1496087976345456
91119,0.24021947731988216,0.11559297359698831,0.06298723998629105
91683,0.31813132544275413,0.16614304476279318,0.0726872543983533
92607,0.19076799963191243,0.13502664036686807,0.1290230682337394
93509,0.30856613019543744,0.16696650371388308,0.07461061815726011
93544,0.38240680857834924,0.2601480345355017,0.27124442513182684
96681,0.3184206488817667,0.25061248044761814,0.17260150280338343
99364,0.30194919321286623,0.2702771914226348,0.1553569489047278
104192,0.2371418789349352,0.18981584885733913,0.06556036712584007
106103,0.19265796553237075,0.11146149947227307,0.04797886300394409
107831,0.2910518344694395,0.11604011155140224,0.06915029407182101
109673,0.26762986540711764,0.18294393338711276,0.08390784041433914
115120,0.21421942458343382,0.13555328397896735,0.12883258505991896
115184,0.31299526813345363,0.2065731071604809,0.1368370643500253
116634,0.4106256299099591,0.21516018504210865,0.050158091639999326
121750,0.20398279669412137,0.1254718529426805,0.01774024127622424
122181,0.22047260134947497,0.19454174429380816,0.02733153072185463
123916,0.3843995488592211,0.18162200594881575,0.15516785617594336
124320,0.2556252944932401,0.16503762584603832,0.06224972988882266
125616,0.24986956098990687,0.2832641113171809,0.02536746067219388
128288,0.16559486580415303,0.14438662496376814,0.15777801454026544
132469,0.422309215973287,0.1985132887701401,0.015033538499921766
132525,0.24068519255080023,0.14352934494349628,0.12640291948268417
134912,0.40519988372579313,0.2560072570083846,0.25564292791723187
136021,0.3377664285637449,0.2702791630938077,0.19659811242794473
137596,0.08798385916383401,0.153649565081749,0.14696323040309628
137669,0.16675939048190067,0.1320562924316203,0.02274347767167812
138362,0.31705758407129025,0.1645340859781946,0.11277228053817398
138576,0.30020437716011494,0.18337562350501285,0.13640890275983558
139589,0.2533706708593725,0.1962854879929992,0.10411654120282171
139605,0.29886760322024264,0.33485571779584866,0.18065312618859358
139609,0.19523297858204997,0.07376252096164777,0.05745270055667017
144238,0.3955913154434518,0.2022906860391334,0.07913015639691262
145151,0.28626014421672064,0.2480673664691565,0.1608618555513741
145242,0.29036689423904594,0.2506880501599421,0.18759825664380902
145345,0.17826380121430527,0.1809759007857526,0.08768354283754974
145950,0.48037514464073994,0.30097871334309706,0.04180603497225578
146984,0.37904195996329615,0.20442865295571488,0.18503602629923965
149102,0.3995449164953165,0.1094788500278562,0.036411328878783886
149558,0.4369751963651573,0.17654259063749936,0.16595675184232628
151082,0.36164818754647204,0.1751155682899444,0.06838405147609078
152615,0.22577820280468802,0.12422464780064023,0.09218988770309153
157018,0.45618111210315915,0.0940226065879928,0.06951636451666676
158327,0.274188910945009,0.1614405171941915,0.07729626745294178
159416,0.37885724186511494,0.1412452919396077,0.11662832110524973
159902,0.21582628974059254,0.06815292785482743,0.05947496439114864
163109,0.29613948365964665,0.19314188302811736,0.1345632743096455
163922,0.30286100569965535,0.14096480668065953,0.06484822438810775
164300,0.2606013378684662,0.1932727452731115,0.0752026012613039
169322,0.23493038896508267,0.1600759458819119,0.06769842546582437
172012,0.30748515069089133,0.13828592285227712,0.037592686767997645
173619,0.026054117496888074,0.09671996177445505,0.0175526718805688
174237,0.4024452529814656,0.14674761974001369,0.056231341188791376
177510,0.29053507099675024,0.206865606353355,0.11236702082069601
177612,0.2505956977790129,0.2042034397059,0.1622820452539827
178647,0.283413450877339,0.1953960618741854,0.12271538668528978
180377,0.3239143283892688,0.26682354225028426,0.22011656343227112
180945,0.1984001626199966,0.1997450333769123,0.0662112005141365
182856,0.3636412471239512,0.1199096345022409,0.07024472193747118
183503,0.29154896296593796,0.16720791763078974,0.06052457702426513
184014,0.18773963135610466,0.10343100253023921,0.04740510931497843
184903,0.24747433545860564,0.1534814113407282,0.1171109119898136
186853,0.3107285741607087,0.2661981313318595,0.08634692276666212
187877,0.175760623199201,0.13608035558840667,0.06032807462387227
188376,0.23846137434745512,0.22672073897360134,0.17443021226071082
188461,0.29825102057761194,0.1130867927762733,0.10865049815083244
190719,0.2173398421657175,0.13437096422010697,0.09747712723825212
191170,0.3605798829710515,0.16096263321350113,0.03900021696483995
191804,0.45638083014578495,0.2645819134922831,0.05180363847769483
194250,0.31110123577708076,0.22394616527140251,0.17258659868647153
194723,0.27353457578930995,0.20492955993579218,0.042282251043149185
194805,0.41096611232713576,0.21473676911386527,0.1623285832704265
196299,0.5726383328526312,0.2519626618088276,0.17897081201636164
196892,0.21770911094035292,0.09782768221334712,0.012964587766972024
197915,0.18540458503719617,0.09150488330400791,0.10033469151773364
198326,0.4664318383674956,0.24581212004469535,0.2331876718724205
198930,0.42813623904934767,0.23661713875496604,0.19792386342899893
202006,0.2800134412292275,0.18470541545645444,0.08777609344061106
209506,0.16968361249625324,0.12944920965091625,0.07848023568674574
210981,0.023838410506556024,0.050296942486647754,0.03173253566559683
213789,0.22914291409464616,0.1761092028459575,0.10422642800743367
214151,0.29752618443529283,0.1446642002967602,0.06869523427454186
214810,0.3170608945371221,0.10214852645474681,0.06178752261403069
215491,0.35124681697567506,0.2885553276813293,0.011975700421751912
218132,0.23345716977092476,0.14918989476206237,0.05080390827645403
219381,0.032667863530434396,0.0952482821797748,0.10551523320841869
219427,0.45932340014567896,0.30295591070277883,0.053320710879283896
220924,0.19555909665951962,0.2861683501314268,0.24421621857440481
221614,0.2787017364525731,0.19386313625307675,0.0984404845089241
223582,0.1735931541185015,0.12659133692082417,0.12609229925985949
224800,0.3520245220920003,0.15560899359432265,0.11514535059814615
225501,0.3823825556928067,0.21382957840824784,0.1639383295751736
227565,0.31533430995146233,0.15179594765098706,0.12596211234388727
228997,0.19487912979848107,0.12532654510023417,0.06412913374341189
231653,0.20720661594430576,0.14686133359853157,0.0702920825067947
231691,0.28154796478871263,0.175333268974903,0.0975320581370571
231771,0.2077704247004437,0.10780389132996068,0.0575136220176061
237544,0.12941923004282918,0.15037510826886621,0.04989194503689024
239009,0.2993307465673024,0.1916001496492109,0.026809007585316777
239902,0.3266314503817791,0.20191068209784455,0.03251255916094269
241008,0.3531066996980711,0.11587285971875785,0.05737508432737698
242103,0.30479109740291166,0.1288927911497142,0.05772250890099194
242223,0.17954772201648672,0.19269467489026856,0.19249359464529134
243800,0.19599432444525527,0.16050082123181184,0.0884539429422275
245055,0.06226170026775078,0.1611591835664108,0.08261217364769667
245693,0.39376700892220784,0.2452064194891092,0.23624324422431217
249700,0.29363266456004905,0.23325234121418417,0.0031688310306715382
253398,0.33698478297142215,0.33277490364035345,0.1208260146211301
253642,0.3749497573736903,0.2216617721939758,0.17521101037651177
253934,0.2321742478021904,0.1445429543270844,0.08721873697183644
253982,0.1565884795752234,0.13816417838656464,0.046528626145049545
255471,0.2890799959339792,0.19522100197512254,0.09031210163533362
257218,0.2746146571719442,0.15396945893651642,0.041940855239847995
259131,0.296382236086958,0.23835790730698028,0.11234398613181724
259791,0.24287028863413726,0.1119049183412259,0.07406816015774795
260044,0.4469419464058563,0.29197249593508756,0.23617416415525178
260583,0.3084987073439069,0.19924405154053287,0.0505276494314906
262150,0.4030384095582397,0.1524169664365984,0.0599849224846827
262612,0.4185073368009678,0.25700022691233115,0.15805622367979877
262622,0.4063698896636104,0.3216836364931114,0.2284189729469884
264062,0.2686689260846958,0.0964826020399696,0.08375966278002173
265648,0.2766254022459232,0.16679267851961954,0.19888645423901402
266146,0.28547791060751865,0.1665011534425854,0.10387275150577147
270539,0.2810766205900249,0.15674501134137064,0.08048993111218086
270891,0.18904048469796586,0.10552348520652731,0.10904488896870762
270908,0.20001198710230944,0.16750081148114263,0.08906435497229322
275590,0.17501945326535673,0.09317646930458973,0.08259753166390449
278100,0.38736652617611816,0.22981324983376128,0.040431294501314614
278211,0.2504116899215889,0.24754996860041212,0.1919377487960719
282165,0.25101962389111876,0.14389285099041257,0.0947595462368028
282231,0.396357797836515,0.24817871860912552,0.26483351662606874
287366,0.1650323119641771,0.05834479778168014,0.06440999867715765
293094,0.3932014443524848,0.13000416560350364,0.03604185655837629
293109,0.43035215822192363,0.15393852703101318,0.06260677094498374
297213,0.33240592181207407,0.15764146338584273,0.1383375507189058
297454,0.21779922355005196,0.10114665118471976,0.09029165980416437
300632,0.18416134562615036,0.14612573796168557,0.11988950454278238
303741,0.6109121473490895,0.5212253910839552,0.34788710676691526
307762,0.17706179012466666,0.12249359886714682,0.04128490503373254
308534,0.2736160994131276,0.22849474645967127,0.2045698970416489
309782,0.10226610033513285,0.16302602000830302,0.17467324845218452
310425,0.3712575957068778,0.09728419382284519,0.044726843130466945
313585,0.21309933520183394,0.155559764882054,0.05293964757801027
314388,0.3418692081649858,0.23079512897098403,0.08794965173070277
314584,0.2341405752863695,0.10550111974748595,0.07192621767649271
314962,0.26365759057753546,0.13916716631923623,0.05771117337368391
315871,0.35993233990182383,0.2697150265737258,0.26675700491953724
317134,0.26468296616854065,0.20817059466233934,0.0599983982591899
317399,0.0720239206211934,0.08904224674212571,0.06381761885184742
318651,0.25608783449074446,0.2976699287943274,0.1169133707720763
319225,0.17047735161039576,0.20030729511788553,0.09201629074404508
319851,0.36263390607626766,0.21643980994938344,0.11895871506973953
322033,0.19284895763076887,0.1362727203549443,0.10896820692269894
323162,0.3183890705966716,0.1719028738385099,0.10648522929362589
325787,0.4818183733465963,0.23555838371673676,0.16295806213099528
326527,0.5109339350806104,0.21781059929752478,0.10410282860414874
327406,0.18188337905073892,0.1564743574212159,0.09258960367450943
327842,0.234233183294631,0.1789576864866965,0.08859511432929888
328777,0.45181214161326905,0.18413455216155322,0.02299975210005151
330398,0.07646229960940407,0.1470396867589594,0.08698374747554988
332296,0.34662528214364496,0.21899455781978974,0.059880893796180064
332518,0.15922761737284558,0.14474271238911185,0.13326109578129416
334885,0.14608087543147852,0.12143415956002283,0.12731286372326714
336054,0.32122072044739053,0.4103191627758656,0.33322826206003436
336112,0.20086448740637192,0.10948132972066511,0.08270502799676448
336254,0.2684354266709301,0.1795767332049275,0.17723763550058677
336265,0.24606400726417807,0.19764630407779404,0.08098923096630367
336356,0.3213852244953236,0.3069445965048642,0.17276515670923484
336828,0.5345838541577768,0.32452709840941635,0.24456140209739569
338086,0.2277384589802598,0.15483015709823855,0.09513918255086676
339395,0.21458148695366883,0.0914318040877769,0.0665803493210653
342807,0.4139934374766924,0.10286225041713694,0.059888940142314065
343982,0.3852039467875909,0.3192967354161996,0.21202857749070622
344000,0.14918479994060613,0.11619732675471872,0.10500542620846631
346508,0.36721730605894976,0.21456653239687812,0.07495564288807945
347600,0.3103417363518451,0.2414522615547504,0.12544977315472433
350594,0.45782978059900037,0.4650826799155054,0.3578552927546612
351550,0.15780533272534458,0.08889644728193996,0.11106301935956639
351676,0.23109378981210724,0.1722305573045162,0.11556909354293979
353132,0.27607227812673735,0.17312946591808487,0.0829720136847457
353667,0.32884330993018124,0.15691280871694288,0.10035764492844873
354383,0.31704446133044584,0.15905856283917177,0.08178304241069334
355044,0.3394442327395402,0.17744459202992013,0.06581257729099724
358875,0.41602543304986267,0.12362306599303463,0.063859006951122
360043,0.12318080038635788,0.1066497694440135,0.09118581673347756
360293,0.3008623172516981,0.1938734171708278,0.1220712694640248
363519,0.2669984011972203,0.1453045994552323,0.10972186859745152
363644,0.39691709017932975,0.19834883147549126,0.07684928207034074
365238,0.1573380334658541,0.15213260891427813,0.1205505366063066
365509,0.327118976803535,0.19156083028145043,0.0520981565022887
371995,0.06888059839935952,0.11697180034720268,0.05716033376277435
372074,0.3324381460501456,0.16807712090585739,0.10800042444578559
372368,0.2611197859299702,0.2118643100846976,0.1793650186092974
374962,0.23090252538881945,0.11667229086856128,0.04399366338147672
375152,0.30101666260356696,0.17255084779018465,0.11694990716086158
377726,0.2461465102406498,0.14050524574441126,0.08170935277637614
378283,0.16305873224136372,0.11598973725493683,0.06379431929640914
378414,0.350424107527687,0.1619048643257723,0.12544425243580645
378733,0.16058478947548094,0.13392731878611325,0.12873359152299146
379606,0.348251492984403,0.19494271522649761,0.16016765298730476
380192,0.2730930310974232,0.2620288158085704,0.1765312089633916
382341,0.18006953650608865,0.22281622417073418,0.02584017734662301
382358,0.3297561431788562,0.30114041850976686,0.19994505245707436
383359,0.26119323229838204,0.16456013143118656,0.16172523537648936
385405,0.34240524993475235,0.1864804384996206,0.15702438134561808
386174,0.24089141150796514,0.2342410225968924,0.18252722859433265
390019,0.2601232399983239,0.19866738006735113,0.035647642656102735
390402,0.36446286768247227,0.1915965798351586,0.1349928684979923
392801,0.159860654071053,0.12015627217372249,0.05888843905318171
394957,0.3515093970425267,0.23895648745474873,0.06423136243882943
397291,0.190934358326221,0.15170011902387998,0.03674621502975678
398208,0.16024342944108477,0.09266844224811745,0.06599872363987018
398494,0.30731943422612296,0.27038608628631533,0.1556871545947842
400033,0.14126458816995155,0.13051060556098126,0.06663912656494608
408112,0.31549126477664685,0.17557122996726132,0.0648382362007218
408607,0.3526259048702614,0.2886622179762902,0.13135305144251247
409311,0.2608002656902491,0.15135163157177378,0.09804975489706437
410917,0.30213152543145827,0.21491566988454716,0.0940893780984313
412977,0.1460640857645482,0.14572718141134686,0.12084621313047389
413374,0.5183991187843335,0.24313129985004933,0.10436622788855354
414874,0.19842867773569034,0.1026459215457528,0.06041843180045989
415841,0.12565418087107666,0.1906468214623067,0.009154611062533149
417743,0.30568976420998195,0.17852134723208438,0.13084148428868586
420397,0.3822759931272448,0.09570104508823674,0.0686545067103545
420576,0.11385122511656318,0.09994079683031373,0.10085754795488605
422498,0.2882744589641631,0.18146838648362337,0.11782485368656447
424884,0.18579300545611177,0.16908749085160008,0.07922464615310393
425024,0.29768869413184773,0.12296718569183195,0.05484326503365005
425418,0.28837793619921726,0.23107910248642602,0.18660113805653417
425495,0.26548900891338895,0.11235748082568008,0.09483441783757243
426274,0.20805730491585517,0.16630186057193475,0.07353949412256378
426398,0.19033718692649104,0.15363336957986032,0.015119110822161904
427711,0.15746707751462893,0.13500798256198823,0.053048617218385954
428029,0.10157489439654659,0.07236018958818283,0.06275669106081502
428229,0.15139567066145004,0.16174511258829688,0.12930874594076677
428370,0.36550924105297566,0.15691995978483447,0.054167573247308545
430659,0.5245009601289061,0.23107702716690964,0.04393759858921028
432033,0.17675501829713344,0.16621372435914736,0.0826125126876588
432683,0.32207133901508733,0.2506717218103376,0.016346398888768446
433194,0.3731822669005479,0.20422347469603674,0.07753279688756025
434948,0.24155697548561245,0.1877900194780433,0.07787131925195168
435481,0.3686268962959968,0.1576051561020742,0.05723814595491099
435676,0.38976233441685204,0.21750199157570682,0.16246448134886282
436586,0.3533143361281955,0.2767784948036714,0.21152875317999129
438493,0.3720121996675345,0.21307151716390932,0.13347154150203625
442537,0.13159677090166988,0.08241221976656707,0.06021971920137577
442758,0.5327557363707659,0.28848161334230066,0.09627347299416969
445727,0.5123650032173076,0.2764013447426559,0.12441510428155658
445739,0.46496504427263485,0.2776223809177595,0.20462176955832453
447009,0.23414682231660727,0.1741693389658773,0.05704086174507062
447101,0.5390247436706606,0.299462037670975,0.15644010881631773
450842,0.10086121820472232,0.10906079796000182,0.14942557429008016
451092,0.3424077470436225,0.15827473174836643,0.0638685483905603
452023,0.5968067330678412,0.27036160492939537,0.048309334837058016
453174,0.364378739138844,0.2778425748893333,0.21773026887886188
453321,0.4238814644192132,0.12864473009219304,0.05303456181056778
454939,0.18775634347735434,0.1717384993150976,0.07965089722598812
456266,0.1933298294789144,0.11710927670686923,0.103669308678186
458117,0.2971313226602934,0.1265345569712015,0.07403485788054645
460031,0.42414554770956375,0.24945295452233218,0.11358604615040252
461057,0.33903870004962045,0.1491221511076974,0.10124085781095439
462023,0.28031299043715624,0.09297665634192318,0.040347751945177195
467146,0.2343876349329275,0.08953482537788317,0.06678968531815485
469827,0.4349462837568143,0.2358254729347926,0.12600092146667224
470293,0.13221739314125447,0.10062218885418936,0.06560486475922868
470399,0.4192775273180729,0.3462278441981667,0.20831488945658005
470621,0.094280286692539,0.11333575923020986,0.11342820076640389
470935,0.1818587684047548,0.1246135377385195,0.08322693329573547
472190,0.3994743768178762,0.233903586267938,0.17013308889092177
474246,0.09286503740081845,0.06288531250286122,0.08491200572796781
474932,0.3298788116490827,0.30946203826519253,0.09393669842175487
475080,0.30225991952930453,0.24587395777646878,0.1966544009800243
475169,0.521334850352628,0.3255411301618205,0.14694225779129164
479755,0.40444225346757845,0.25718682394832315,0.05940767811767042
480065,0.21193698210104517,0.1273128237473088,0.09442537284420298
480739,0.23334522397160748,0.20037110802819727,0.13842901064457136
480944,0.23447843561439616,0.1621367090085833,0.0896421933184452
481263,0.24737166072875097,0.13037315366146912,0.10150027747384129
482799,0.26040956936619297,0.10633259256950117,0.06409401147769245
483419,0.1732002768610277,0.1417921798672137,0.11150146763182447
484792,0.15919523470166577,0.14505974072913982,0.05964736798500729
485820,0.24800351975748275,0.18883604685276376,0.16173234816909066
486172,0.26563857137771957,0.1896708002198078,0.0479724334078902
486546,0.46858416213674026,0.24760169818064892,0.032773282419443384
487191,0.25527607234738803,0.19105428969387162,0.09077780395837398
488455,0.2844684761597245,0.17985184091032108,0.08131252194349382
489796,0.22345568378510988,0.12497761721886519,0.0344511784811535
490313,0.17494334425295516,0.14183183693193827,0.08743881596840987
492370,0.3149868831691275,0.31262728988565536,0.11729806251003064
493142,0.23002783705732133,0.21003930205351146,0.16740351470420653
493861,0.24635468131788707,0.11748740425256998,0.09652837423066954
494077,0.04067791532591379,-0.008256360346008768,0.053699372687213844
496047,0.4670683568489148,0.2439366947282826,0.1543885438859467
496104,0.12063841288018817,0.12260090575685467,0.07630924502184216
497344,0.5313514424424816,0.18540196584421728,0.03723693255191299
500176,0.37606573058692777,0.25667030327006324,0.150654962775722
501342,0.3080629332967404,0.10126393814770651,0.05030978424499222
502417,0.3446287323844328,0.044434710364311826,0.018941470311001466
502589,0.324112821136308,0.20904936442096853,0.09540854035522243
504803,0.23373261640534582,0.13207433057323562,0.1292070671160248
508336,0.2972096560086756,0.15964993112737522,0.09152522165569452
510106,0.44427410166169945,0.24210986007446006,0.07013233426634877
512163,0.3935489661447659,0.22424949485700624,0.11574679291666361
515424,0.2196540105815326,0.23597899351280238,0.014149253194012022
516336,0.1827924612160659,0.26548528880183103,0.11603419513688425
518029,0.2282005706013617,0.21516076408143944,0.15902664141566147
520143,0.5066675866063013,0.27619990726882016,0.08198197191497636
528034,0.2809390547101048,0.23200669048397998,0.07901693045951905
528235,0.3410097726566729,0.20248870886701753,0.11667914163429594
531114,0.1804542313186223,0.21563156237453723,0.2440652820326114
532001,0.2982518434623109,0.2132748021608869,0.1419176965214774
539925,0.29310399480159927,0.15699130422359325,0.1309167297168944
540069,0.29546871780986766,0.16494778657999493,0.12351632708940155
540108,0.17008597123059083,0.20336086234810985,0.04914718801674753
543123,0.4127201236847307,0.29245470963993264,0.0517328409078228
544012,0.22623381353340044,0.1270354295156259,0.11614916798293756
546907,0.4018783813807862,0.2185304833088503,0.1593154771437534
547446,0.25023618655472524,0.17573589685313584,0.09434622999964655
551126,0.30142819148484923,0.18621610601217717,0.08699540991659152
553073,0.190123928239132,0.20156337194073914,0.1521763022978641
553604,0.28030199883174606,0.18111423445971492,0.08535514639917673
556468,0.21331976631863553,0.17620982181510864,0.10653337733276502
561366,0.3313547755950558,0.208334055891255,0.04858956629905004
562172,0.26384609022609096,0.15335902114222993,0.09845126499348192
562256,0.5028123674518568,0.2400156079268333,0.10170145369894185
563469,0.2842952533627302,0.18487946000378477,0.14588841790462204
564454,0.26025421045455016,0.1393783957897802,0.0725494084225839
566323,0.3855840866864749,0.10984809894535272,0.05358916172556276
566655,0.2795137803466239,0.1695671318438654,0.0740411223653013
566798,0.14423259124668678,0.16419984051632844,0.052530087073090634
569346,0.549980227106789,0.3028318828725637,0.12187836873108555
570436,0.2465288199415572,0.18204600609398883,0.08646353113191156
572598,0.2183455417200878,0.15471459165112594,0.0935457563702008
572685,0.22798390683948408,0.1606224673777586,0.10613308479681828
573232,0.3864567085074821,0.29273696605526345,0.1322759312137965
573775,0.4065913357753519,0.22204439315955046,0.20014842570823416
575039,0.36128407574639304,0.12244104960627984,0.04838575813250096
575633,0.2634641090091151,0.15483597775479635,0.211525374147041
576318,0.1879863708076957,0.1814272963451124,0.09719525052779049
576344,0.3395434866350846,0.251084268648217,0.10971145518649626
577082,0.32803481280550706,0.14283367950083026,0.07370625855400213
577522,0.4517181322151915,0.16388308497944007,0.06521188871918528
577559,0.21319334852388833,0.13551752893488483,0.09628514612946446
578901,0.2692368053943414,0.2201487817096988,0.1544128363761558
580797,0.35369811091897524,0.37322552869042425,0.37732632244755687
581780,0.3867606341129226,0.21450498552415936,0.1009870467154616
583598,0.27570241264118933,0.1146959088774554,0.05405133864557349
584073,0.32882605805883514,0.16950624290575614,0.10540459718209655
584197,0.38322096386256294,0.46749511534046595,0.3246916019393069
584749,0.2768786724662603,0.21960958550146933,0.19251281131749926
588255,0.42341137070358104,0.16121334119765915,0.12541511087948148
588485,0.0815423389973996,0.13130088934836717,0.07299815547805985
588715,0.5197494848849823,0.3592375561043647,0.25216083214364876
589507,0.18579021295919246,0.11589228042314556,0.050062961657899877
594908,0.09818770892706222,0.0878671549628958,0.07080187609271746
603794,0.3091888647179585,0.1913357091690368,0.08930845340735166
604277,0.3551490091620425,0.2353233443335591,0.09328020932439134
604360,0.3376784016404778,0.32554224087044026,0.1553914862893493
608607,0.1421569811389648,0.08282745398160038,0.07576380720860414
610491,0.3765997264071177,0.18909094347961986,0.06255113412956842
612854,0.19411673184770586,0.11308368421431668,0.0685618108973703
613653,0.2638945035430663,0.19617103488258864,0.14699666580066648
614432,0.3400222394657746,0.23399782928670518,0.1686134951306691
618747,0.3178347620943307,0.21272903211094835,0.2033759081096471
619338,0.3021266369748021,0.1377765074270788,0.05105252457671644
619581,0.44374264836771754,0.24015652240188826,0.1221139006525383
621098,0.46786508796698,0.22302582431639872,0.10046477403172294
622130,0.2610091761510981,0.24089165868470436,0.10358193881976767
623454,0.23536324513073575,0.2163536200668095,0.12493902751263289
624029,0.32764690604277763,0.12008553700110795,0.10836581553773775
624957,0.27462475929569063,0.18464366873938198,0.09781060264373007
625621,0.2110077549414704,0.11197564467432791,0.053396076962895986
626575,0.25051996295993567,0.12148936276826582,0.059085578163365626
626705,0.22024459345617514,0.24707470420807354,0.03680082129819945
626864,0.30685894172534267,0.27658407145560526,0.2319243981281474
628873,0.32171947223744024,0.14471700658031297,0.07309211315122606
628965,0.18566690083429535,0.1391436160674582,0.07984065558329095
630725,0.3724214291501588,0.20028994056868218,0.05831383688060912
632032,0.21849220217378668,0.16058589298816686,0.1330643140269027
632363,0.3571833694952036,0.23698847814962626,0.08195471835038057
632568,0.2747384098858872,0.21073941444604677,0.15746534746586294
633102,0.2624686648359715,0.20640389901216738,0.08607014777925504
633187,0.3310499732719229,0.21500071321853245,0.11047010829790502
633617,0.29438257634001275,0.2103003696926378,0.11373070493858178
633849,0.20635292308883993,0.14764090499788152,0.09330075923356417
634297,0.28493065035382825,0.15664225968669981,0.13030372778800325
639533,0.26433790839412213,0.14047676700097564,0.10092680808765835
640394,0.37785946631650036,0.2578667878780911,0.20728859814386563
640544,0.189059809510923,0.18538734003191867,0.17904450670343897
644474,0.10352461829807702,0.12066600361413672,0.08053019716654951
645923,0.26972735505252604,0.19249471265176865,0.16475243295120756
646101,0.4407731127516832,0.15498146220692754,0.049359317448492084
647303,0.2982387287891497,0.13925526070762886,0.08841272154980691
648266,0.27881880518921076,0.11547408658348876,0.06558982224296063
649595,0.2945661914426677,0.12492277021854083,0.08353592239264984
650017,0.38493996673507563,0.2604789203576864,0.09343655806159792
650175,0.34230233178504743,0.2596633733016841,0.13076350531335276
650192,0.24379702853802349,0.16093455919154034,0.10603035719991966
653776,0.16180393070871252,0.14954671611018228,0.1565328385602821
654686,0.36500531091849686,0.215375962107324,0.0790574642920217
655816,0.26702961449681,0.24571407948500484,0.22367615189360976
663324,0.04155434081501423,0.05898194170720514,0.04333563794054271
664602,0.19470317135209525,0.21328599170841894,0.22043192248875623
665844,0.29911152150995063,0.3025806895736196,0.22642483085582898
666178,0.24157775352276878,0.27548698605682437,0.02504746990914912
667867,0.3368290987688473,0.16411062909537666,0.11907799761553531
669186,0.30611159372067365,0.1408513931665873,0.10640141527372657
669980,0.3179008358686743,0.1535450379502232,0.08198566057751416
670992,0.2458134902038004,0.20738873561666835,0.05784184383614158
671473,0.3017051116168917,0.1743203055847086,0.05135778247505459
672849,0.23917683322713612,0.1849798054100898,0.05262924868022091
675415,0.2760659299662727,0.17417761477513855,0.04156817694452247
679144,0.018898286195585798,0.09667191967157462,0.04754058704544928
682403,0.2822214836700204,0.18883676064134794,0.15845820726079693
685305,0.13600424152220714,0.12044303289609032,0.07549439869692455
686267,0.30377236882150305,0.27872856873651597,0.28819079567965
688026,0.35802266530165483,0.2783244991646168,0.026356548932966087
691192,0.16100013969684393,0.11988557428019166,0.10891305604806362
692216,0.28844918715944246,0.14284139169758425,0.08835743253694728
692871,0.34112081510354825,0.2205833013762465,0.11381534219991506
692894,0.31029291548277216,0.12670715329174786,0.09711552965240436
695261,0.17802113954964138,0.13481217694714634,0.09300897853379653
698935,0.31093220516758385,0.11506105324482539,0.05163598770242586
702177,0.46909777119909307,0.2797228391015664,0.18079621909519777
702313,0.2750088938821264,0.14372776508799337,0.10584451665503825
702372,0.24540275654119537,0.16841432108426796,0.09496353331656529
705874,0.3001857991364837,0.1974957108558126,0.1339240073670098
709855,0.30572376964351017,0.19911880365232137,0.027559989958701306
714115,0.34142352485621885,0.21142393689895522,0.17510972008325765
715266,0.37279467679895173,0.11957635154494708,0.09448250322545584
715558,0.26928481211871175,0.25542261804779476,0.043874358877704286
716253,0.42980849963990336,0.22601896857274667,0.21650190054170496
717987,0.28149542802511573,0.18477315769408628,0.054235308775692964
718478,0.39054894899392933,0.34032617326643577,0.2576477613219039
721124,0.0910588596807346,0.0751542261056405,0.05857417296001642
721469,0.55534430902759,0.3257057459324885,0.17538682303017955
724463,0.3311178689493004,0.30354826394050965,0.2579680361852207
724665,0.2756031066863405,0.16554653941802888,0.16539797636828546
725377,0.256668756869417,0.14113802070602066,0.06086120843183286
726357,0.46799819972738305,0.2412544827206989,0.22799065624668358
726588,0.3898565550462501,0.2488642431978958,0.1114145159776245
728922,0.371747451766613,0.23346718000583894,0.013072919993638875
729523,0.39819005683184616,0.2769429052597472,0.25430399055098407
730418,0.19119517350157278,0.13308454578844398,0.12627397007479899
741366,0.35615340783867633,0.17439589492247598,0.06185740884519427
741619,0.37446422302289617,0.19900214994359186,0.08996080571915913
743962,0.13662019281255347,0.1162487039985782,0.10460537561729792
745652,0.2679922311454556,0.195754479894804,0.15872333231905242
746658,0.2709022960738728,0.24432129862938265,0.23942521752937354
752133,0.2767855975049067,0.14345623914106126,0.0848313187900551
754492,0.16436549986273652,0.16096182539054954,0.1452340589173384
755165,0.3427548606488568,0.1643566246982579,0.014772129423086354
755862,0.15101283689224304,0.03565774429957924,0.019137614255056303
756317,0.2702015948146004,0.25153547654397157,0.15385730990325508
757446,0.2114050450705246,0.14971586612577814,0.12116118013570944
757512,0.27764477064362714,0.21843267596664417,0.18167405005224013
758709,0.2519993908643239,0.12992262960790407,0.07816162131518205
759575,0.28632455131008605,0.13622711275897645,0.057928663892142684
759724,0.13839352239294866,0.09811793431479408,0.10289036257189416
759881,0.21243318300298727,0.22110612297471885,0.1434443732049993
760666,0.018060126017068412,0.011615641275803626,0.12229819919992341
760885,0.13230964845177473,0.14410926830841217,0.08142554537761991
761363,0.33042012399436027,0.15573002789073023,0.0008477614116288023
761392,0.22229432544385902,0.2223079826378241,0.18791691931519122
762002,0.1336037603984827,0.15959296665501568,0.03273819680855498
762820,0.141635598146349,0.11336595239811748,0.030853673860620143
764040,0.26140312186905135,0.09566067824603498,0.0532624202936021
767011,0.2978847515561143,0.19403039210248343,0.1542983904482727
768803,0.36950291840748867,0.1913652798625488,0.09521297810105481
771893,0.4709995911475982,0.3196131139722631,0.2410974975029876
772029,0.19384961910264054,0.11592172454671057,0.026349857564089134
772361,0.3079954917031225,0.16703852840214706,0.11105761295170044
772764,0.1310198101699503,0.09317526179738322,0.11621308396531489
773086,0.2505379714985943,0.20244909215297416,0.01409343848422356
773856,0.17130250124289598,0.16534196981174815,0.05089902652894539
773922,0.23592108519490207,0.19536062668031323,0.07658334523332853
774525,0.32259305224514334,0.17429856618662923,0.09060892996274453
774547,0.16897741125394722,0.15735768691812857,0.16527097810608465
775638,0.292122950006197,0.1762096662325318,0.1505925271826989
776841,0.3202202345837178,0.2087770401818451,0.13296053231168595
779264,0.4086145497600623,0.3437802580678826,0.22957008265450635
779483,0.35535509705547674,0.17574271022876586,0.15917775347936308
779660,0.45682216133484954,0.28533239970028734,0.06759696816373516
782273,0.3288129787854074,0.11551434857729423,0.03970353233326798
782798,0.5015825718491462,0.23232918048005907,0.0896792424916469
784384,0.2248024911659697,0.0875992982038011,0.07974923997244789
785150,0.3620905988575276,0.2393230397718009,0.1878460309543346
785823,0.37746778057114605,0.21387241725063336,0.11510418878961737
789475,0.18449967145242246,0.2319282408052007,0.1431102235671934
791776,0.21469042234033092,0.11755338600345298,0.06890680460822626
791910,0.254880970698464,0.23517221210709652,0.15466939411395983
792576,0.2310660924023729,0.21026608975817349,0.09637525429619337
793966,0.3197291858136583,0.24799916420619358,0.07505141070505637
794546,0.36514778747823606,0.14203354362297427,0.062619656845532
795643,0.4236808600617544,0.1997285874239547,0.10138243672400134
796807,0.2295534802070042,0.12561285700061442,0.11403153971003427
798855,0.39158900010528164,0.22425614738155764,0.15952754035969163
799148,0.2718049400752009,0.2252365336947058,0.12508345675833285
799457,0.19410051594455272,0.1576741839023918,0.13215671079585084
802965,0.3752269821644585,0.38127461454983136,0.1086265950502287
803117,0.14182994017622558,0.10101880029320683,0.06387294869647138
805365,0.4081919428997646,0.2776264088876797,0.1257203470664603
805851,0.1405668884420912,0.20000478450311626,0.0909731245765294
807302,0.3475854850790549,0.21680617158081464,0.16679908874483965
808853,0.40883194753679797,0.34280841050269956,0.15370375720776341
810073,0.2857841147230319,0.2637514172354545,0.2772679845409022
810199,0.31490282224571825,0.26890581590734686,0.06958449107044933
810621,0.480484522602028,0.29274109056884856,0.06958238567124693
811127,0.37585634492869613,0.31466594183788676,0.1124302793576892
812232,0.3504022305822668,0.184073416268478,0.11018112306574168
815964,0.26550491941693927,0.13319628317991858,0.05002228999754739
817302,0.2519276421310173,0.13285092213998947,0.06748145684609957
821470,0.331477683935059,0.15664118990299125,0.09471535914699833
823061,0.4089399892168887,0.1570973308412643,0.07488330358089491
825822,0.11850263687239307,0.12301825146960864,0.072835486401291
828078,0.15415874583558628,0.20456254058806947,0.029018033047532414
829685,0.12734484069014412,0.10979241022841478,0.05501713964769021
829814,0.26527843089541153,0.14827659846330313,0.08862046190395671
831061,0.22046574959722975,0.16057061895296937,0.014497619707267196
831209,0.24820500025359604,0.16880261815915737,0.05091412494702864
833492,0.21725856988581996,0.13548620454817267,0.09367142826500152
833934,0.3305872025036236,0.2511003480522163,0.10609253105719241
834741,0.36890078056552633,0.2042564873271646,0.12368531740432348
840268,0.42867178136055556,0.2215395402542232,0.12761495655912716
843202,0.2593113889046237,0.30639967216291425,0.35300444130884323
843446,0.3763727502495126,0.2365481387300451,0.0968595260575171
843467,0.3460306465638891,0.19089286489692933,0.10606894458890848
843797,0.22495554037857332,0.27171337940456275,0.11768730334484533
846640,0.46084358148313315,0.3802276624646794,0.05663725165739221
849374,0.188915577150451,0.12987785684564862,0.10191140810642578
851152,0.27707376491401364,0.21403047582075566,0.14219363276276267
855634,0.3621919601647219,0.1846852541721367,0.03983411083731226
856000,0.2857128209840482,0.23210306628915364,0.2674054841281713
856345,0.23654086506697597,0.14982449705946868,0.0921201491700173
863514,0.3382813752888538,0.21372226857032683,0.0035841943603448032
864035,0.2407311991666969,0.23567723707537275,0.1570780808033344
864737,0.28800284323574377,0.25994560405113315,0.030416912132539352
865055,0.17814181537504456,0.12925547237093887,0.08115146775888267
866523,0.22100369996867308,0.17768019126324694,0.2047468520623696
867850,0.29656554397932194,0.1432528862385012,0.11443436504439679
871763,0.1108437587229062,0.19733874365567777,0.10118516046766671
872311,0.22816091993887547,0.1651695819647033,0.08053876558951534
872935,0.3202971950516548,0.07547099430344459,0.03220741874191317
874009,0.20593836279786254,0.19087559293178544,0.13577833197584221
879827,0.44782316798511956,0.3987481592166714,0.22972300742195456
880105,0.41251781938206017,0.24917517927537547,0.1454653081015336
880911,0.311043278885444,0.17073513597310858,0.09682428655845961
882213,0.39460741784482256,0.2585117827396925,0.22282700126628224
882409,0.3878005217772359,0.2749527194977604,0.21553350117547804
884237,0.3734355148898797,0.14262556279412975,0.01821242842994016
884914,0.33184068096281477,0.20071944565485195,0.1308767734207561
885725,0.25149599073965195,0.0972092256858518,0.03685394160266161
887147,0.3212131247046115,0.10180133752748453,0.0917791176771034
887442,0.05026358132628886,0.05468162717457618,0.07694591953359693
887682,0.4646874808157656,0.3807446158278316,0.3391782113036114
887702,0.4519539812078432,0.30187897763025645,0.13083899761883494
888645,0.16695092319629506,0.15133949009779366,0.04331743784387715
889403,0.3556573643392978,0.12983043581107695,0.12149171520675126
890159,0.14884336088028846,0.14953358987467036,0.08199482901340743
891263,0.23911976012434472,0.23833272694144536,0.015538520230663423
895750,0.4912097034901842,0.4031363525730348,0.3074323854113625
896005,0.281485338303245,0.20863102717611137,0.08123059574760122
897723,0.4377768636213053,0.21069141357691432,0.08975258821036974
900239,0.20531789750021778,0.15634402000445446,0.11084166644428564
900338,0.16235975767780328,0.08216306712559367,0.08913144770221991
901804,0.12169628696769642,0.0999272889035129,0.06656918268648741
904904,0.46604246217942147,0.22686171391677418,0.10906980806705618
906188,0.40586913425899684,0.08739910713398717,0.0629801410699629
906763,0.40426542718221903,0.17706490951069387,0.07489961139138622
912562,0.3535537255466653,0.1982679019105745,0.09183052852610522
913379,0.18602543035192448,0.16646939250655257,0.10413951259005264
913473,0.40562307887329985,0.17238536866345375,0.052853131546083246
915582,0.3083291840307231,0.2091218678298843,0.21426936060971566
919516,0.2700941510933413,0.17813242874291682,0.11470757836313672
920872,0.281369019514781,0.16695031825010784,0.13339602225930403
924431,0.04017102629610854,0.1061102358698103,0.06730155065860131
924435,0.2855860071079755,0.13949443129530786,0.14630288255638996
926042,0.15273751835359217,0.1610657878708613,0.1514874371042041
926959,0.3926900907162932,0.23542026866527438,0.1759355003430188
927608,0.29855912354201,0.16980832759633802,0.15305833811019903
933453,0.2312493980445573,0.1274598415664287,0.06822336969523028
933687,0.1823087454849457,0.15413383812327108,0.12504539421174224
935745,0.4751599033962363,0.34769724333002366,0.09906174952078131
940732,0.27214866726563114,0.18050095863004675,0.17144328408679002
942618,0.37420333018811713,0.13823395134844096,0.04128938843391887
943218,0.30442324577394353,0.329225891064863,0.17672349646303
951866,0.29211283987445963,0.21525509974370416,0.05802896945709175
952178,0.4254241196289009,0.27410427984463087,0.11317704122963484
953135,0.336773280322091,0.21307956058098418,0.18346867686930568
954638,0.3775824393400123,0.2138027001036508,0.12697247934784225
955816,0.323921999011169,0.22548197131868464,0.0819369917913389
956159,0.2160787387252886,0.1244175560299103,0.1727902856897096
957809,0.3240069167743853,0.1404574160972687,0.09143414103859397
959321,0.3092644067647863,0.28085554695768916,0.06792702488559704
959593,0.502869791433185,0.41331549128612965,0.39165556010059543
960375,0.1715077101246385,0.16720033651003352,0.18505196407666064
963574,0.3792040965304737,0.25858369319356544,0.017278907465370197
963708,0.23005181625691024,0.20564984224909563,0.07195229334308936
964211,0.29698648022428975,0.18631758469196316,0.07527541543960686
964424,0.06499854989957349,0.10711389920783078,0.08716229981754425
965084,0.37349215634863653,0.2061582114689124,0.14724086590447483
966257,0.30218881738469217,0.19155088290234312,0.08780837039795573
974371,0.38981226882962805,0.2071532735190658,0.0872729133164406
974945,0.4341086602912194,0.27320230173299215,0.2421337655905294
976212,0.11292133334970293,0.1456738502915002,0.08322241308040387
979241,0.41553459374566754,0.18313200357297033,0.07594965633318009
981888,0.2716952789497742,0.20989230350931248,0.2177096273043812
982254,0.302807484079911,0.09085766907879918,0.0767032371348014
982990,0.35553007185346097,0.20308932574901256,0.07441471064445215
983175,0.4461309831077856,0.1932011377810084,0.10074601669981047
983479,0.3005983625542423,0.22483894371232274,0.08607044273196404
983776,0.2432162244215958,0.22572053242873713,0.18094094769832259
985064,0.30894353746118114,0.19733211367275294,0.14939829843679786
986130,0.5129789810015519,0.39755848185219095,0.32495456769201697
987554,0.46070791654641086,0.249613451488968,0.1271736665911015
989545,0.17656921954677005,0.16909380603547816,0.10211125554442685
992383,0.1728658955473214,0.11724219309898581,0.054545801321031415
992545,0.18421986252148825,0.10874278517820368,0.06403040490407015
993886,0.19198772602622963,0.15444484165722855,0.004074226639968004
996834,0.37190226344883603,0.3048594209041829,0.28352133359151066
999484,0.2873265045704769,0.1543334397598919,0.08937043370393016
1002347,0.22712722017900872,0.08487363967915923,0.08050738232086976
1003277,0.3977461983040048,0.35236015264815485,0.18009809152908143
1006802,0.20486356289870825,0.16960870175026196,0.10256550999559828
1008428,0.3169279796677287,0.17942527710279407,0.06960469686579977
1008942,0.38815084734622585,0.13352532521736024,0.08026848581902983
1009712,0.2521415525946931,0.23814326945535386,0.15119218051889133
1010755,0.27215808831601157,0.13443246498601685,0.04555893451634277
1011728,0.16976916995839325,0.20861597628164677,0.11093149106818412
1014774,0.46320564335056547,0.39081844924325815,0.04742944149467364
1015220,0.31498649236740695,0.2990537420780203,0.21294665446047406
1016466,0.22148735048556914,0.12456252347142098,0.05792258436877473
1017213,0.13811543628265305,0.13158567348824765,0.16543836159853492
1019068,0.33232900359027817,0.25035941534019257,0.11518456499844874
1019363,0.2911949529247154,0.15360167827197724,0.10595914297967267
1020965,0.19960228958358628,0.09948288603567801,0.1120545695735398
1022531,0.2967245236886807,0.11961931260432809,0.10185712413848391
1022634,0.06011009265816926,0.05863944552646347,0.04626760038770379
1023858,0.3735359402893667,0.15400057173520454,0.12804447618157036
1024525,0.2733181173471096,0.12031398340983492,0.06366294532936881
1027192,0.48953755510029423,0.3023953050644568,0.24575839183244563
1031082,0.11953681772464286,0.17844314887024476,0.12038319231560721
1031368,0.38382728814100575,0.2285931596408463,0.17537347362040867
1032014,0.39382261662358153,0.1728111061712889,0.13310411430773028
1032400,0.2364884849088294,0.200934113343065,0.09633381639697622
1033818,0.2615353647430223,0.17668952928050866,0.08784015402562896
1035486,0.46763951724774133,0.2683985651420121,0.07555083564908477
1036012,0.23817792418294445,0.18701437202521864,0.094254230126576
1036920,0.3515559434727013,0.20943998626242757,0.19962226117300338
1037239,0.34787328121991234,0.20842101437009328,0.07647657690226897
1041685,0.17921611109309843,0.27865593785635656,0.24605042153907422
1042216,0.26518980957973437,0.14342329043844507,0.08386486755133282
1042733,0.6532242580132531,0.3203459745222154,0.15656233312233397
1046158,0.33360420304131155,0.23298178192481336,0.07750263730958798
1049703,0.34713253024548624,0.10670120383812114,0.07907403056540366
1051408,0.4214547053857955,0.3446976828417107,0.0343163590515977
1052102,0.45761902887053646,0.2543427739632759,0.17329271806263102
1054074,0.17641379653930347,0.13618677899638146,0.08825733814585063
1056356,0.3729367487055799,0.18033873163275435,0.07442670253660416
1057686,0.2957137395536419,0.20046145101564264,0.14701249062228616
1058979,0.286689940264072,0.18853255525274537,0.18803031493908895
1059210,0.10024671033544914,0.0676818128750693,0.044223049019977444
1059845,0.38687590666680227,0.24598422769101505,0.11109800198066123
1061697,0.2523335498938358,0.19945856294417608,0.18798827735389959
1063300,0.25089368074053775,0.1399927896107498,0.08110430534384003
1066269,0.15269109134308756,0.12534280691607125,0.06822909618292204
1066882,0.5246512909709323,0.14860140238827785,0.07499765182504727
1068125,0.34125569034297837,0.24292983157072395,0.16173294295815857
1068484,0.17077157045045868,0.19473073747118713,0.11839260407171034
1069953,0.32082086459030096,0.16457852755572525,0.10996184924500554
1070633,0.28242338651139487,0.19875697198376907,0.0860439063239732
1072365,0.45003179885235556,0.2573435421642609,0.22570801763495424
1075252,0.20899658099810636,0.23761061148786655,0.06618924438260004
1076851,0.43923722888575395,0.1797451762891363,0.08510386753743668
1077284,0.2426993209740575,0.19836376213865825,0.16228513465473096
1079702,0.36213594729478504,0.20271792992620663,0.10182430274791221
1080899,0.16846578365201614,0.08626215650341121,0.0699626749308289
1081125,0.24083753156512522,0.2362823051637244,0.02051917792416258
1082659,0.4623289184686451,0.19326761634847606,0.09151076064526603
1084994,0.16103234408257064,0.15206367399378476,0.10334974225606298
1088916,0.3333699382516767,0.1593941413377768,0.07500608917446243
1091186,0.31514906431399803,0.24204528109278287,0.07964878133957727
1092973,0.4317084749771769,0.26715846273965693,0.030085954176413982
1093246,0.32633024134855443,0.223502174613604,0.08167346883195589
1095873,0.2782988735981343,0.19448331323926601,0.05462248590160369
1096126,0.18165772426006352,0.07505858621320478,0.06650016206421659
1099180,0.5144461265933311,0.20192189014510156,0.0699456004278824
1099584,0.253964646735625,0.19065698123341243,0.126510484224653
1100836,0.3722992385207708,0.29935986641051204,0.09433717266250502
1102630,0.3555640926377489,0.32741264372043294,0.19728546874750416
1102755,0.19518642917686385,0.11111626702441332,0.09578194903304742
1106400,0.2695762896722961,0.11976559527471871,0.07827250715149964
1111058,0.3305237544667642,0.06505170134807217,0.017750811924938187
1119611,0.10881102748905212,0.10900030904115561,0.09106156335100898
1119778,0.3073873749950758,0.1811829420453488,0.1372573088653277
1124437,0.4911272367493985,0.339209642488349,0.0946061528878373
1127653,0.2328227563619808,0.13270583087048707,0.07790388410235354
1129914,0.13094590491956187,0.15414030509579074,0.18028058996937096
1131723,0.21637716738521556,0.22164633965254707,0.17417007523956016
1133012,0.3913924022571727,0.18639945568242158,0.12589867569130717
1135222,0.2656317250507178,0.14422323124430012,0.10808611494242736
1138400,0.2197072794290844,0.16915613008382901,0.054128720836383336
1141720,0.10657325951035224,0.1791489982078613,0.08292202972831507
1142345,0.16839750679672216,0.04938407441416113,0.0426880610671629
1142401,0.3917770968453946,0.2584080477162087,0.14427093501540555
1142500,0.27133787341424337,0.17110207674184258,0.07460944210132286
1143909,0.34266385814396344,0.15325526003788334,0.10011761323282244
1144712,0.4899927195536601,0.3734035790019221,0.1854451538358432
1144817,0.2909073412259985,0.18778322264985448,0.04627269668478581
1144918,0.3453192896406193,0.21023666918682551,0.07045011792701611
1144926,0.27125139311883517,0.2385898566175747,0.20471252155367062
1148174,0.37789721458167674,0.3446408950877678,0.27130056982711503
1149548,0.26345851078124755,0.1872526992981194,0.16525423968190692
1152207,0.28482294176987744,0.09134899189482965,0.045276223352765536
1153571,0.6030455055237881,0.2811927924900247,0.06312468365786206
1154279,0.3837336171460009,0.14632680386757055,0.03615576770896624
1154809,0.20504006630100813,0.10402747278926876,0.09755886636725808
1154949,0.5017963906891537,0.3489555355435335,0.09399965143202194
1155173,0.10734918056450879,0.11454256397432526,0.053644231263040854
1156032,0.23541740656826693,0.14245231792357121,0.09545216526095696
1156206,0.12416834016147545,0.07413024343674258,0.09328064958431899
1156330,0.20344371207454753,0.28319786261918867,0.06669027634192266
1161137,0.29350591184808655,0.19092516738209409,0.14115550082767236
1163612,0.27197026271191166,0.17710325403411759,0.12891004826805025
1163904,0.397540516746892,0.17177572578624817,0.06031415056111113
1164559,0.30454290827109015,0.21038920510629328,0.06952919785850678
1166748,0.22110798181274516,0.0902469715068148,0.06426746044000331
1167761,0.3301657614720214,0.2771347513389973,0.2209110488542722
1168551,0.21528259271430922,0.22498368067120317,0.1620988974240688
1168913,0.3419689802421586,0.1490142854153266,0.04663741947464724
1169119,0.26020769509245306,0.1540067307249288,0.059238628332575885
1172491,0.2512612849123709,0.23849200209188348,0.21625650593714546
1174123,0.19222379351686616,0.1667962135043416,0.09193187024564554
1175146,0.21439033289316467,0.1418152093179053,0.1325505990509754
1175714,0.22369583703592638,0.12664324398203997,0.12056420276354769
1176708,0.38028843976338017,0.2913148998750464,0.13386187087419021
1176838,0.23110219158897655,0.21374267340191944,0.17225564319157327
1177172,0.29880041810671115,0.2802006801714593,0.21272089629814372
1182775,0.3746988693115769,0.22582358089172636,0.18658496234493407
1184684,0.2214292694789584,0.15141046913878192,0.08175304900932129
1185105,0.08429138117690087,0.08691140479785095,0.07511311740071373
1185795,0.3301438250122445,0.19933734253495147,0.13828286768089218
1188293,0.5153943824125378,0.2131838731749282,0.1589696836242065
1188386,0.05848463163209986,0.13238893729860052,0.10798596601406994
1188931,0.37482710143101994,0.22550589108598115,0.13319955504584535
1189706,0.1210836422369997,0.1162808337469696,0.09840813907551195
1192049,0.1572565279877679,0.14821775586046623,0.1038387573537162
1196360,0.5098131672144046,0.19566818006353362,0.12686073555112815
1197587,0.301828687629726,0.18464312751592243,0.12342486134264624
1199060,0.20689320563301838,0.22663628737538744,0.02870087997589889
1201648,0.3225770903432472,0.3029181295067244,0.1919215478975247
1203244,0.1227583612244121,0.12965681526391465,0.09083179642372875
1204856,0.13551034100203918,0.13121422820194725,0.06020215632255167
1205168,0.3574337176679269,0.19511950927164173,0.19593342234778555
1205952,0.2987606749840232,0.12068936405206075,0.06947260406553352
1208061,0.15229792419476296,0.1358127643517214,0.12175144105200965
1212934,0.28937496742978436,0.20234217205472282,0.17439674534267885
1216765,0.031433973216750524,0.13335400311660425,0.02980489185708684
1223859,0.30056435519980196,0.23489369268500176,0.11238920876374442
1226085,0.13593186349746966,0.1397790567714413,0.14845676277272563
1227851,0.5248033739110253,0.2326453539346124,0.10472055123752369
1230494,0.257658016787797,0.19712485911108957,0.10273496031407
1238529,0.25467837593660975,0.08996025481941317,0.03284443022720285
1238735,0.3063310023660294,0.15390383861776824,0.0687972976346002
1239389,0.3637474230821393,0.24843615310345354,0.15449132525132694
1240650,0.34868660926089934,0.11495849174140388,0.11723822057681474
1243276,0.4788243117464003,0.35472797234503917,0.0238355863184581
1243450,0.24785567264113048,0.2302985688105711,0.1358964601588991
1245011,0.27356730206735747,0.1517833362900219,0.03685044470890453
1245225,0.23567691758337173,0.1851922516666255,0.09196532914832867
1245416,0.15650115882902166,0.12301536887618349,0.05807383997534261
1250415,0.46927535135952414,0.35230066407895433,0.04697914268097866
1251116,0.3685689236899399,0.2635400138160361,0.11690636547790499
1254815,0.4208956960638516,0.19155711683183685,0.0816606593668551
1257122,0.11132656937520481,0.12967115575570706,0.061875677013900884
1258290,0.18993268601378716,0.17623763926049932,0.1793953012690268
1259481,0.4823627284108408,0.29631651501633016,0.15465374932609213
1260319,0.2648982762067541,0.15673799517429104,0.12312752783295346
1260684,0.2792033532995809,0.11140045685506568,0.07332351008855571
1261449,0.2975997286419825,0.09539013961266915,0.04625769764639831
1261536,0.22511693493146073,0.18025075098522933,0.13257260053020203
1262899,0.5011151351328335,0.2745240971623142,0.11269564308460536
1263286,0.2897265738267966,0.18761289160163608,0.1490455272677084
1263573,0.1399840052355548,0.13505535368034138,0.15224297678272014
1265011,0.39173135728986985,0.23181186152624794,0.1646177902765538
1265529,0.24754241299851534,0.1742771666183241,0.08294633520426775
1266845,0.22449656759878034,0.13501088736411274,0.12436098592924016
1268128,0.21080818436620619,0.12072456880847812,0.06419664959882236
1270458,0.294733150769963,0.09603138799814737,0.10429286485871551
1271364,0.4994966598972128,0.2058589244108648,0.09463693051858418
1271546,0.30294937169406316,0.237851804098668,0.2475921200904676
1272093,0.25983053113145926,0.1925794180736528,0.11958022865534194
1273451,0.30185554131313824,0.20462195120578786,0.08279242554456351
1274063,0.2535734146670445,0.18067456379597632,0.15378498683026698
1275515,0.38804377126302675,0.19967753993336518,0.09475298082259834
1279384,0.4405472743765199,0.30692075821052117,0.17525745561556444
1281034,0.1790106802653461,0.18681957857980833,0.07873049248277544
1281202,0.3062281812685554,0.2718155433895407,0.08129027815004847
1286023,0.41523152003331254,0.17088509658237305,0.04211417969891529
1286531,0.3954585143627816,0.23130238119580526,0.1492362623564331
1287866,0.44471447752030097,0.21628788485410463,0.11538531616346975
1288168,0.1825771623551542,0.020358125922130182,0.02342298916244173
1292587,0.13687370309429017,0.09207098181295734,0.07591544316441558
1294286,0.3377395015683541,0.26514859720866113,0.09672037059053176
1295460,0.13245922801704926,0.1479457121943831,0.0012539805834216851
1297052,0.052185866587425245,0.15528592242963718,0.17714243077516031
1298363,0.4237152074274233,0.25673902133196663,0.2513063335902907
1298545,0.2953344445417134,0.20425730615299612,0.1307403344061629
1298720,0.12040590125396347,0.11200204110363728,0.0650015432280669
1298773,0.08644273641387555,0.08734277968260984,0.05670156528491057
1299583,0.2701633105145622,0.09916319828015233,0.0725487525645356
1301451,0.3638978859644063,0.3470149869210049,0.08351520992721399
1305057,0.2658873500552214,0.1551250126259095,0.08736764946128113
1305491,0.4288055418389557,0.4004264610167878,0.11256105506277463
1308165,0.25764784754566183,0.23208705830330384,0.0657701742484733
1309199,0.09145384564517701,0.15577513689748534,0.11919438074580888
1309861,0.15197608784515942,0.1119095737304864,0.08575468599054108
1309870,0.11452390821273942,0.11051631172824922,0.09104258419771673
1312337,0.2941928230145834,0.12403251588460175,0.07071036094512485
1314429,0.25786584392342166,0.2139998835468873,0.11292590264351354
1314492,0.31525834797303054,0.1636435452801659,0.10896970254654488
1314647,0.4245009667479696,0.30558964698866276,0.26815072544596597
1315170,0.3834379296064847,0.1386009642314645,0.05021284108128779
1315727,0.4868040552016688,0.3757059271587526,0.02911051974179909
1316467,0.3238789039394723,0.1441584098491728,0.12795942107003339
1318559,0.3199250038213409,0.18377838137288216,0.19281991961938888
1321516,0.294726112800154,0.2732947833085272,0.19154237352795406
1322306,0.3194608376744383,0.25360211899221297,0.05395947199382122
1323838,0.00560173789670651,-0.007190778417013793,0.07419113168548079
1325564,0.36762704798898826,0.1784394555835174,0.12859535903313338
1326844,0.3762806135562221,0.2613611929628415,0.07772674458791146
1326997,0.19252109525233546,0.11082404477215467,0.11569913786898113
1327919,0.25407134016063826,0.13806814248597318,0.11842166778599106
1328210,0.4221969636013657,0.0704843744337437,0.027154155241779367
1328744,0.29339862590455196,0.1622487739497245,0.10667662168856396
1329534,0.47917735457459704,0.26520268418667475,0.1759470101856448
1331536,0.23472153462082357,0.17212719284301972,0.10696179431283544
1332362,0.5268436200708454,0.2834780977019297,0.11092938325681043
1333010,0.34587652286309506,0.2847987302602915,0.11910529793697408
1335412,0.40305972190625583,0.2043306713764024,0.09250510273626553
1338438,0.35634758956736723,0.21075259044627395,0.0829339148470633
1339257,0.24263751457755064,0.20827500569631957,0.026143293325160855
1339921,0.23996166549360678,0.17232244022939003,0.13079443688949724
1340048,0.2029803058878398,0.20114770509942867,0.14066727154719855
1342647,0.20128240429744948,0.14845427186861054,0.06692064781777118
1344741,0.28222511724712723,0.09470737015500569,0.03015378430588196
1345614,0.33149392939028216,0.1352262957877737,0.06857796618475935
1346702,0.17136147519536607,0.20739968666588426,0.02010229503107716
1347259,0.22837696651757383,0.15054354250900875,0.08147911712652915
1348689,0.23115081788209016,0.0933097428943399,0.028837121958539495
1350126,0.27611776938869176,0.22215146722960044,0.19511245747522368
1353092,0.37345720003275673,0.19958535518065734,0.14828831609996843
1354565,0.2237610804023509,0.06143363645070774,0.050579595737311536
1356175,0.20116049755527987,0.26400063608249025,0.09974086252864349
1361482,0.41522145811077765,0.22777731536427726,0.07893822108954171
1362415,0.28557239699800485,0.2877445551758122,0.07721316801138384
1362530,0.19116879616309757,0.09403274645272293,0.033036565669814
1365379,0.238845414690452,0.1257426525613555,0.0904416188611998
1365415,0.2668349901490085,0.1813297802206102,0.08102726121037059
1365452,0.38625801321547704,0.24834654729194772,0.07782052650960888
1366826,0.2762747122604864,0.13093959544378092,0.10178154345011889
1368934,0.19583047382310584,0.15309475600863615,0.10645269002162207
1369036,0.2392354272505395,0.12712275161184408,0.04840272575080297
1370348,0.3356475706842016,0.18821938784400596,0.08914843375974592
1375048,0.22464875471561857,0.12811761656730442,0.04933357864695611
1375150,0.37204767946309725,0.23061199076944583,0.051433342796937315
1375267,0.3021578073040995,0.22199615624246302,0.1599534520831759
1376191,0.3663904348586184,0.26480933960222064,0.20716760603685258
1377318,0.397719200980577,0.21461608458540207,0.10092513740139954
1377342,0.30211861238004534,0.11775013615583435,0.044789501068799614
1377380,0.36234434015364386,0.30711771226009743,0.19304878562249786
1378033,0.2572299147421724,0.17446049831570493,0.13671826365443498
1380755,0.26906358764936766,0.19456572508099632,0.0716984893778062
1382125,0.006097330680761792,0.04826264427500436,0.08137928680820947
1382224,0.22135015835565314,0.14931042917797588,0.065129197305006
1384062,0.4771662963854436,0.28800517605213194,0.12070846684603415
1384172,0.3131263886994161,0.15199915038066972,0.11966832486408849
1384831,0.18379513478753856,0.18724612041822863,0.07275247430419671
1387152,0.14155250253084445,0.11326121454404708,0.06526500164740272
1387278,0.3431634478772309,0.26210899848092534,0.18565022499984618
1390627,0.20071473030486703,0.12494964288801143,0.05022178330433806
1391457,0.2604252864840371,0.15866223084495454,0.1606219094635205
1395236,0.29821815443801913,0.2933378753119415,0.18875414911367056
1396022,0.3668663489000532,0.30717700823583477,0.12619631628723607
1402743,0.2180673121907742,0.12049322106604235,0.09185586113360339
1403768,0.09098303693152733,0.08493353557304556,0.059841470919436715
1405682,0.42400335067727435,0.2930933875290115,0.12947301450019214
1408483,0.3012387372919643,0.1506299923851109,0.1321410725178958
1409283,0.3965016826145714,0.23647020790862947,0.19411398029028132
1409315,0.36203338860428397,0.2640987176781582,0.1373146314658143
1410380,0.3392337099215125,0.20801655212202091,0.07116739774987862
1411274,0.3025755137336915,0.17394385512945823,0.052782070196231504
1413992,0.2799731351530723,0.1417468243718241,0.09964373292032329
1414098,0.31783135418747577,0.25643100674348585,0.06004973741549031
1417117,0.37274404313461257,0.1680760152293757,0.10238551589824399
1417339,0.24860680374780142,0.19386340640251118,0.21785738394064685
1419079,0.19689273220815087,0.14914949549640424,0.06309516218138132
1422156,0.3457193613387441,0.12064947776194224,0.07142724203174361
1422320,0.26152693826451323,0.176390299779966,0.10571847658810592
1425288,0.2106433481719452,0.19187698646194096,0.06240535208718105
1428736,0.311287726944297,0.1336164782271119,0.10521653968273637
1432651,0.2449731496267576,0.20870908779831432,0.06112101737352274
1432998,0.21942525456623674,0.09965478915163176,0.06865910805842831
1433778,0.1017550739233302,0.06338076992232614,0.0615747249008716
1433908,0.122861883037303,0.08537988540711373,0.059927947339340246
1435461,0.3180967747228686,0.1929342184261663,0.16551758808838862
1437517,0.1235117683958902,0.11296429662333725,0.07579306949850234
1438191,0.43494829536157786,0.22988075065397973,0.07961358302715998
1439153,0.17290902094855362,0.19653387955751034,0.07216984565032403
1439318,0.34211136343301546,0.12314761935682483,0.1065220245400845
1441990,0.27298046909816265,0.15474031642798253,0.11415822440888382
1442751,0.438873233098702,0.2150543849084812,0.0900427545894131
1443147,0.46419618781596234,0.30786898815256863,0.25598651076957396
1444066,0.1704235414238717,0.11214393859537489,0.07968064399610124
1444569,0.18524349998938033,0.19581735303123643,0.06649574607636503
1448233,0.3906688246246387,0.1795717503237148,0.015840155530099438
1448571,0.11427198861116544,0.05446061311756274,0.03139183175488615
1448636,0.23291327943197537,0.2115777674770894,0.2154943384642196
1448951,0.3590055274770483,0.260509072199981,0.17333546748533182
1452797,0.2017325596654115,0.14391795105620056,0.15169471222326353
1454003,0.29302209993426087,0.11608668870575703,0.049659291620444884
1454127,0.29891877607065287,0.13029282905973238,0.039201125306720395
1454471,0.23762844733154054,0.20300619939166725,0.16910266595872747
1455187,0.3667175654647303,0.1419056703233893,0.07734676927080114
1456583,0.300151631715573,0.10905954008964373,0.058045790064923594
1458428,0.2199968160532393,0.1789795922212945,0.19822255225300553
1461724,0.3110362095608134,0.28300664340294596,0.15249771747064966
1467402,0.556659885865522,0.26182717214623585,0.08197715079492063
1471897,0.38844801139335927,0.1518841860851626,0.06394513825084741
1472052,0.22477950675816433,0.11977862412659854,0.07815897512366009
1472655,0.12963288827643585,0.105149299305942,0.12577069419813136
1475468,0.21802082828580846,0.11486452941680907,0.1326891952439707
1477866,0.2030464596411775,0.179297193355003,0.1500221464314765
1478572,0.2762037746247442,0.2239473724625302,0.0030881395280599635
1481548,0.38427414092929457,0.1731034879920227,0.05896053655305958
1481693,0.22234901815682406,0.16490927744173645,0.09438861273579335
1482234,0.35160579836212924,0.12417633499714961,0.09677277981302168
1483016,0.2547806834479585,0.1802781688236739,0.1842747018769439
1487259,0.34520553111507224,0.2680271855580036,0.23768455712866696
1487663,0.35669989922158096,0.18753035134760887,0.0009695524077773545
1487726,0.2737010489819841,0.15490421685816833,0.10324546407376958
1488018,0.30919763973107883,0.1550448386622299,0.066815734399849
1491376,0.2682434456837752,0.16902108325838375,0.10578837446499646
1492261,0.4268679441657936,0.369429502638583,0.3025641788980682
1495153,0.3495535572689938,0.17855691767961573,0.10531618031942729
1496559,0.33675012190684067,0.15101246993937914,0.067935312000965
1497149,0.3153548315962547,0.19977371151329454,0.16757373445072882
1498501,0.2475930798783788,0.24739947902533865,0.2224197394368162
